Male;Female;;;
James;Mary;;;
Michael;Patricia;;;
Robert;Jennifer;;;
John;Linda;;;
David;Elizabeth;;;
William;Barbara;;;
Richard;Susan;;;
Joseph;Jessica;;;
Thomas;Karen;;;
Christopher;Sarah;;;
Charles;Lisa;;;
Daniel;Nancy;;;
Matthew;Sandra;;;
Anthony;Betty;;;
Mark;Ashley;;;
Donald;Emily;;;
Steven;Kimberly;;;
Andrew;Margaret;;;
Paul;Donna;;;
Joshua;Michelle;;;
Kenneth;Carol;;;
Kevin;Amanda;;;
Brian;Melissa;;;
Timothy;Deborah;;;
Ronald;Stephanie;;;
George;Rebecca;;;
Jason;Sharon;;;
Edward;Laura;;;
Jeffrey;Cynthia;;;
Ryan;Dorothy;;;
Jacob;Amy;;;
Nicholas;Kathleen;;;
Gary;Angela;;;
Eric;Shirley;;;
Jonathan;Emma;;;
Stephen;Brenda;;;
Larry;Pamela;;;
Justin;Nicole;;;
Scott;Anna;;;
Brandon;Samantha;;;
Benjamin;Katherine;;;
Samuel;Christine;;;
Gregory;Debra;;;
Alexander;Rachel;;;
Patrick;Carolyn;;;
Frank;Janet;;;
Raymond;Maria;;;
Jack;Olivia;;;
Dennis;Heather;;;
Jerry;Helen;;;
Tyler;Catherine;;;
Aaron;Diane;;;
Jose;Julie;;;
Adam;Victoria;;;
Nathan;Joyce;;;
Henry;Lauren;;;
Zachary;Kelly;;;
Douglas;Christina;;;
Peter;Ruth;;;
Kyle;Joan;;;
Noah;Virginia;;;
Ethan;Judith;;;
Jeremy;Evelyn;;;
Christian;Hannah;;;
Walter;Andrea;;;
Keith;Megan;;;
Austin;Cheryl;;;
Roger;Jacqueline;;;
Terry;Madison;;;
Sean;Teresa;;;
Gerald;Abigail;;;
Carl;Sophia;;;
Dylan;Martha;;;
Harold;Sara;;;
Jordan;Gloria;;;
Jesse;Janice;;;
Bryan;Kathryn;;;
Lawrence;Ann;;;
Arthur;Isabella;;;
Gabriel;Judy;;;
Bruce;Charlotte;;;
Logan;Julia;;;
Billy;Grace;;;
Joe;Amber;;;
Alan;Alice;;;
Juan;Jean;;;
Elijah;Denise;;;
Willie;Frances;;;
Albert;Danielle;;;
Wayne;Marilyn;;;
Randy;Natalie;;;
Mason;Beverly;;;
Vincent;Diana;;;
Liam;Brittany;;;
Roy;Theresa;;;
Bobby;Kayla;;;
Caleb;Alexis;;;
Bradley;Doris;;;
Russell;Lori;;;
Lucas;Tiffany;;;
